name;description
Project151;Project #151
Project152;Project #152
Project153;Project #153
Project154;Project #154
Project155;Project #155
Project156;Project #156
Project157;Project #157
Project158;Project #158
Project159;Project #159
Project160;Project #160
Project161;Project #161
Project162;Project #162
Project163;Project #163
Project164;Project #164
Project165;Project #165
Project166;Project #166
Project167;Project #167
Project168;Project #168
Project169;Project #169
Project170;Project #170
Project171;Project #171
Project172;Project #172
Project173;Project #173
Project174;Project #174
Project175;Project #175
Project176;Project #176
Project177;Project #177
Project178;Project #178
Project179;Project #179
Project180;Project #180
Project181;Project #181
Project182;Project #182
Project183;Project #183
Project184;Project #184
Project185;Project #185
Project186;Project #186
Project187;Project #187
Project188;Project #188
Project189;Project #189
Project190;Project #190
Project191;Project #191
Project192;Project #192
Project193;Project #193
Project194;Project #194
Project195;Project #195
Project196;Project #196
Project197;Project #197
Project198;Project #198
Project199;Project #199
Project200;Project #200
